"wojewodztwo","liczba_szczepien_ogolnie","liczba_szczepien_dziennie","dawka_2_ogolem","dawka_2_dziennie","teryt","name","Date","stan_rekordu_na"
"inne_puste_woj",4,0,0,0,"t0","20211005060000_rap_rcb_woj_eksport_vac.csv",2021-10-05,2021-10-04
"dolnośląskie",3018316,2827,1397395,388,"t02","20211005060000_rap_rcb_woj_eksport_vac.csv",2021-10-05,2021-10-04
"kujawsko-pomorskie",2032273,2014,937353,324,"t04","20211005060000_rap_rcb_woj_eksport_vac.csv",2021-10-05,2021-10-04
"lubelskie",1738809,1783,804933,249,"t06","20211005060000_rap_rcb_woj_eksport_vac.csv",2021-10-05,2021-10-04
"lubuskie",1036592,860,476892,114,"t08","20211005060000_rap_rcb_woj_eksport_vac.csv",2021-10-05,2021-10-04
"łódzkie",2473333,1362,1156451,253,"t10","20211005060000_rap_rcb_woj_eksport_vac.csv",2021-10-05,2021-10-04
"małopolskie",3200606,2413,1488653,396,"t12","20211005060000_rap_rcb_woj_eksport_vac.csv",2021-10-05,2021-10-04
"mazowieckie",5901073,4878,2745862,798,"t14","20211005060000_rap_rcb_woj_eksport_vac.csv",2021-10-05,2021-10-04
"opolskie",884671,512,414128,76,"t16","20211005060000_rap_rcb_woj_eksport_vac.csv",2021-10-05,2021-10-04
"podkarpackie",1618109,1290,750241,239,"t18","20211005060000_rap_rcb_woj_eksport_vac.csv",2021-10-05,2021-10-04
"podlaskie",1074952,739,501535,83,"t20","20211005060000_rap_rcb_woj_eksport_vac.csv",2021-10-05,2021-10-04
"pomorskie",2479011,2405,1153349,319,"t22","20211005060000_rap_rcb_woj_eksport_vac.csv",2021-10-05,2021-10-04
"śląskie",4485983,3159,2083857,611,"t24","20211005060000_rap_rcb_woj_eksport_vac.csv",2021-10-05,2021-10-04
"świętokrzyskie",1084466,568,502280,146,"t26","20211005060000_rap_rcb_woj_eksport_vac.csv",2021-10-05,2021-10-04
"warmińsko-mazurskie",1294209,1103,599782,177,"t28","20211005060000_rap_rcb_woj_eksport_vac.csv",2021-10-05,2021-10-04
"wielkopolskie",3602088,2327,1688957,442,"t30","20211005060000_rap_rcb_woj_eksport_vac.csv",2021-10-05,2021-10-04
"zachodniopomorskie",1741766,1720,801479,243,"t32","20211005060000_rap_rcb_woj_eksport_vac.csv",2021-10-05,2021-10-04
"cały kraj",37666261,29960,17503147,4858,"t00","20211005060000_rap_rcb_woj_eksport_vac.csv",2021-10-05,2021-10-04
"inne_puste_woj",4,0,0,0,"t0","20211006060000_rap_rcb_woj_eksport_vac.csv",2021-10-06,2021-10-05
"dolnośląskie",3022133,3566,1397961,510,"t02","20211006060000_rap_rcb_woj_eksport_vac.csv",2021-10-06,2021-10-05
"kujawsko-pomorskie",2034777,2333,937759,377,"t04","20211006060000_rap_rcb_woj_eksport_vac.csv",2021-10-06,2021-10-05
"lubelskie",1741608,2517,805336,376,"t06","20211006060000_rap_rcb_woj_eksport_vac.csv",2021-10-06,2021-10-05
"lubuskie",1037869,1179,477107,207,"t08","20211006060000_rap_rcb_woj_eksport_vac.csv",2021-10-06,2021-10-05
"łódzkie",2475847,2380,1156893,396,"t10","20211006060000_rap_rcb_woj_eksport_vac.csv",2021-10-06,2021-10-05
"małopolskie",3203169,2468,1489073,416,"t12","20211006060000_rap_rcb_woj_eksport_vac.csv",2021-10-06,2021-10-05
"mazowieckie",5908027,6073,2747310,1211,"t14","20211006060000_rap_rcb_woj_eksport_vac.csv",2021-10-06,2021-10-05
"opolskie",885932,1226,414331,181,"t16","20211006060000_rap_rcb_woj_eksport_vac.csv",2021-10-06,2021-10-05
"podkarpackie",1619934,1787,750546,293,"t18","20211006060000_rap_rcb_woj_eksport_vac.csv",2021-10-06,2021-10-05
"podlaskie",1076504,1479,501803,242,"t20","20211006060000_rap_rcb_woj_eksport_vac.csv",2021-10-06,2021-10-05
"pomorskie",2481806,2715,1153884,513,"t22","20211006060000_rap_rcb_woj_eksport_vac.csv",2021-10-06,2021-10-05
"śląskie",4490444,4239,2084515,593,"t24","20211006060000_rap_rcb_woj_eksport_vac.csv",2021-10-06,2021-10-05
"świętokrzyskie",1085461,892,502455,139,"t26","20211006060000_rap_rcb_woj_eksport_vac.csv",2021-10-06,2021-10-05
"warmińsko-mazurskie",1295965,1716,600051,249,"t28","20211006060000_rap_rcb_woj_eksport_vac.csv",2021-10-06,2021-10-05
"wielkopolskie",3605156,2928,1689491,471,"t30","20211006060000_rap_rcb_woj_eksport_vac.csv",2021-10-06,2021-10-05
"zachodniopomorskie",1743953,2014,801767,257,"t32","20211006060000_rap_rcb_woj_eksport_vac.csv",2021-10-06,2021-10-05
"cały kraj",37708589,39512,17510282,6431,"t00","20211006060000_rap_rcb_woj_eksport_vac.csv",2021-10-06,2021-10-05
"inne_puste_woj",4,0,0,0,"t0","20211007060000_rap_rcb_woj_eksport_vac.csv",2021-10-07,2021-10-06
"dolnośląskie",3024349,1601,1398327,272,"t02","20211007060000_rap_rcb_woj_eksport_vac.csv",2021-10-07,2021-10-06
"kujawsko-pomorskie",2036519,1202,938101,240,"t04","20211007060000_rap_rcb_woj_eksport_vac.csv",2021-10-07,2021-10-06
"lubelskie",1743480,1466,805680,264,"t06","20211007060000_rap_rcb_woj_eksport_vac.csv",2021-10-07,2021-10-06
"lubuskie",1038801,569,477215,51,"t08","20211007060000_rap_rcb_woj_eksport_vac.csv",2021-10-07,2021-10-06
"łódzkie",2477476,916,1157241,184,"t10","20211007060000_rap_rcb_woj_eksport_vac.csv",2021-10-07,2021-10-06
"małopolskie",3205029,1285,1489429,218,"t12","20211007060000_rap_rcb_woj_eksport_vac.csv",2021-10-07,2021-10-06
"mazowieckie",5912955,2754,2748295,558,"t14","20211007060000_rap_rcb_woj_eksport_vac.csv",2021-10-07,2021-10-06
"opolskie",886566,381,414479,104,"t16","20211007060000_rap_rcb_woj_eksport_vac.csv",2021-10-07,2021-10-06
"podkarpackie",1621271,843,750804,156,"t18","20211007060000_rap_rcb_woj_eksport_vac.csv",2021-10-07,2021-10-06
"podlaskie",1077249,507,501931,62,"t20","20211007060000_rap_rcb_woj_eksport_vac.csv",2021-10-07,2021-10-06
"pomorskie",2484310,1784,1154336,304,"t22","20211007060000_rap_rcb_woj_eksport_vac.csv",2021-10-07,2021-10-06
"śląskie",4494042,2416,2085146,295,"t24","20211007060000_rap_rcb_woj_eksport_vac.csv",2021-10-07,2021-10-06
"świętokrzyskie",1086362,651,502672,155,"t26","20211007060000_rap_rcb_woj_eksport_vac.csv",2021-10-07,2021-10-06
"warmińsko-mazurskie",1297216,906,600286,178,"t28","20211007060000_rap_rcb_woj_eksport_vac.csv",2021-10-07,2021-10-06
"wielkopolskie",3608285,1740,1690211,422,"t30","20211007060000_rap_rcb_woj_eksport_vac.csv",2021-10-07,2021-10-06
"zachodniopomorskie",1745257,843,802030,152,"t32","20211007060000_rap_rcb_woj_eksport_vac.csv",2021-10-07,2021-10-06
"cały kraj",37739171,19864,17516183,3615,"t00","20211007060000_rap_rcb_woj_eksport_vac.csv",2021-10-07,2021-10-06
"inne_puste_woj",4,0,0,0,"t0","20211008060000_rap_rcb_woj_eksport_vac.csv",2021-10-08,2021-10-07
"dolnośląskie",3028896,0,1399007,0,"t02","20211008060000_rap_rcb_woj_eksport_vac.csv",2021-10-08,2021-10-07
"kujawsko-pomorskie",2039380,0,938592,0,"t04","20211008060000_rap_rcb_woj_eksport_vac.csv",2021-10-08,2021-10-07
"lubelskie",1746390,0,806136,0,"t06","20211008060000_rap_rcb_woj_eksport_vac.csv",2021-10-08,2021-10-07
"lubuskie",1040356,0,477424,0,"t08","20211008060000_rap_rcb_woj_eksport_vac.csv",2021-10-08,2021-10-07
"łódzkie",2481509,0,1157870,0,"t10","20211008060000_rap_rcb_woj_eksport_vac.csv",2021-10-08,2021-10-07
"małopolskie",3208409,0,1490043,0,"t12","20211008060000_rap_rcb_woj_eksport_vac.csv",2021-10-08,2021-10-07
"mazowieckie",5922395,0,2750135,0,"t14","20211008060000_rap_rcb_woj_eksport_vac.csv",2021-10-08,2021-10-07
"opolskie",887498,0,414601,0,"t16","20211008060000_rap_rcb_woj_eksport_vac.csv",2021-10-08,2021-10-07
"podkarpackie",1623563,0,751177,0,"t18","20211008060000_rap_rcb_woj_eksport_vac.csv",2021-10-08,2021-10-07
"podlaskie",1078475,0,502090,0,"t20","20211008060000_rap_rcb_woj_eksport_vac.csv",2021-10-08,2021-10-07
"pomorskie",2487740,0,1154942,0,"t22","20211008060000_rap_rcb_woj_eksport_vac.csv",2021-10-08,2021-10-07
"śląskie",4498551,0,2085863,0,"t24","20211008060000_rap_rcb_woj_eksport_vac.csv",2021-10-08,2021-10-07
"świętokrzyskie",1087745,0,503068,0,"t26","20211008060000_rap_rcb_woj_eksport_vac.csv",2021-10-08,2021-10-07
"warmińsko-mazurskie",1299095,0,600556,0,"t28","20211008060000_rap_rcb_woj_eksport_vac.csv",2021-10-08,2021-10-07
"wielkopolskie",3613543,0,1691292,0,"t30","20211008060000_rap_rcb_woj_eksport_vac.csv",2021-10-08,2021-10-07
"zachodniopomorskie",1748319,0,802533,0,"t32","20211008060000_rap_rcb_woj_eksport_vac.csv",2021-10-08,2021-10-07
"cały kraj",37791868,0,17525329,0,"t00","20211008060000_rap_rcb_woj_eksport_vac.csv",2021-10-08,2021-10-07
"inne_puste_woj",4,0,0,0,"t0","20211009060000_rap_rcb_woj_eksport_vac.csv",2021-10-09,2021-10-08
"dolnośląskie",3028896,0,1399007,0,"t02","20211009060000_rap_rcb_woj_eksport_vac.csv",2021-10-09,2021-10-08
"kujawsko-pomorskie",2039380,0,938592,0,"t04","20211009060000_rap_rcb_woj_eksport_vac.csv",2021-10-09,2021-10-08
"lubelskie",1746390,0,806136,0,"t06","20211009060000_rap_rcb_woj_eksport_vac.csv",2021-10-09,2021-10-08
"lubuskie",1040356,0,477424,0,"t08","20211009060000_rap_rcb_woj_eksport_vac.csv",2021-10-09,2021-10-08
"łódzkie",2481509,0,1157870,0,"t10","20211009060000_rap_rcb_woj_eksport_vac.csv",2021-10-09,2021-10-08
"małopolskie",3208409,0,1490043,0,"t12","20211009060000_rap_rcb_woj_eksport_vac.csv",2021-10-09,2021-10-08
"mazowieckie",5922395,0,2750135,0,"t14","20211009060000_rap_rcb_woj_eksport_vac.csv",2021-10-09,2021-10-08
"opolskie",887498,0,414601,0,"t16","20211009060000_rap_rcb_woj_eksport_vac.csv",2021-10-09,2021-10-08
"podkarpackie",1623563,0,751177,0,"t18","20211009060000_rap_rcb_woj_eksport_vac.csv",2021-10-09,2021-10-08
"podlaskie",1078475,0,502090,0,"t20","20211009060000_rap_rcb_woj_eksport_vac.csv",2021-10-09,2021-10-08
"pomorskie",2487740,0,1154942,0,"t22","20211009060000_rap_rcb_woj_eksport_vac.csv",2021-10-09,2021-10-08
"śląskie",4498551,0,2085863,0,"t24","20211009060000_rap_rcb_woj_eksport_vac.csv",2021-10-09,2021-10-08
"świętokrzyskie",1087745,0,503068,0,"t26","20211009060000_rap_rcb_woj_eksport_vac.csv",2021-10-09,2021-10-08
"warmińsko-mazurskie",1299095,0,600556,0,"t28","20211009060000_rap_rcb_woj_eksport_vac.csv",2021-10-09,2021-10-08
"wielkopolskie",3613543,0,1691292,0,"t30","20211009060000_rap_rcb_woj_eksport_vac.csv",2021-10-09,2021-10-08
"zachodniopomorskie",1748319,0,802533,0,"t32","20211009060000_rap_rcb_woj_eksport_vac.csv",2021-10-09,2021-10-08
"cały kraj",37791868,0,17525329,0,"t00","20211009060000_rap_rcb_woj_eksport_vac.csv",2021-10-09,2021-10-08
"inne_puste_woj",4,0,0,0,"t0","20211010060000_rap_rcb_woj_eksport_vac.csv",2021-10-10,2021-10-09
"dolnośląskie",3028896,0,1399007,0,"t02","20211010060000_rap_rcb_woj_eksport_vac.csv",2021-10-10,2021-10-09
"kujawsko-pomorskie",2039380,0,938592,0,"t04","20211010060000_rap_rcb_woj_eksport_vac.csv",2021-10-10,2021-10-09
"lubelskie",1746390,0,806136,0,"t06","20211010060000_rap_rcb_woj_eksport_vac.csv",2021-10-10,2021-10-09
"lubuskie",1040356,0,477424,0,"t08","20211010060000_rap_rcb_woj_eksport_vac.csv",2021-10-10,2021-10-09
"łódzkie",2481509,0,1157870,0,"t10","20211010060000_rap_rcb_woj_eksport_vac.csv",2021-10-10,2021-10-09
"małopolskie",3208409,0,1490043,0,"t12","20211010060000_rap_rcb_woj_eksport_vac.csv",2021-10-10,2021-10-09
"mazowieckie",5922395,0,2750135,0,"t14","20211010060000_rap_rcb_woj_eksport_vac.csv",2021-10-10,2021-10-09
"opolskie",887498,0,414601,0,"t16","20211010060000_rap_rcb_woj_eksport_vac.csv",2021-10-10,2021-10-09
"podkarpackie",1623563,0,751177,0,"t18","20211010060000_rap_rcb_woj_eksport_vac.csv",2021-10-10,2021-10-09
"podlaskie",1078475,0,502090,0,"t20","20211010060000_rap_rcb_woj_eksport_vac.csv",2021-10-10,2021-10-09
"pomorskie",2487740,0,1154942,0,"t22","20211010060000_rap_rcb_woj_eksport_vac.csv",2021-10-10,2021-10-09
"śląskie",4498551,0,2085863,0,"t24","20211010060000_rap_rcb_woj_eksport_vac.csv",2021-10-10,2021-10-09
"świętokrzyskie",1087745,0,503068,0,"t26","20211010060000_rap_rcb_woj_eksport_vac.csv",2021-10-10,2021-10-09
"warmińsko-mazurskie",1299095,0,600556,0,"t28","20211010060000_rap_rcb_woj_eksport_vac.csv",2021-10-10,2021-10-09
"wielkopolskie",3613543,0,1691292,0,"t30","20211010060000_rap_rcb_woj_eksport_vac.csv",2021-10-10,2021-10-09
"zachodniopomorskie",1748319,0,802533,0,"t32","20211010060000_rap_rcb_woj_eksport_vac.csv",2021-10-10,2021-10-09
"cały kraj",37791868,0,17525329,0,"t00","20211010060000_rap_rcb_woj_eksport_vac.csv",2021-10-10,2021-10-09
"inne_puste_woj",4,0,0,0,"t0","20211011060000_rap_rcb_woj_eksport_vac.csv",2021-10-11,2021-10-10
"dolnośląskie",3043846,223,1401771,38,"t02","20211011060000_rap_rcb_woj_eksport_vac.csv",2021-10-11,2021-10-10
"kujawsko-pomorskie",2048776,62,941146,18,"t04","20211011060000_rap_rcb_woj_eksport_vac.csv",2021-10-11,2021-10-10
"lubelskie",1756784,41,808134,5,"t06","20211011060000_rap_rcb_woj_eksport_vac.csv",2021-10-11,2021-10-10
"lubuskie",1045551,101,478332,33,"t08","20211011060000_rap_rcb_woj_eksport_vac.csv",2021-10-11,2021-10-10
"łódzkie",2494160,282,1160546,108,"t10","20211011060000_rap_rcb_woj_eksport_vac.csv",2021-10-11,2021-10-10
"małopolskie",3222510,187,1493287,58,"t12","20211011060000_rap_rcb_woj_eksport_vac.csv",2021-10-11,2021-10-10
"mazowieckie",5951973,794,2757369,235,"t14","20211011060000_rap_rcb_woj_eksport_vac.csv",2021-10-11,2021-10-10
"opolskie",891424,19,415509,4,"t16","20211011060000_rap_rcb_woj_eksport_vac.csv",2021-10-11,2021-10-10
"podkarpackie",1631294,27,752650,9,"t18","20211011060000_rap_rcb_woj_eksport_vac.csv",2021-10-11,2021-10-10
"podlaskie",1084091,95,503292,35,"t20","20211011060000_rap_rcb_woj_eksport_vac.csv",2021-10-11,2021-10-10
"pomorskie",2500749,217,1157400,41,"t22","20211011060000_rap_rcb_woj_eksport_vac.csv",2021-10-11,2021-10-10
"śląskie",4518888,409,2090390,78,"t24","20211011060000_rap_rcb_woj_eksport_vac.csv",2021-10-11,2021-10-10
"świętokrzyskie",1093164,171,504434,57,"t26","20211011060000_rap_rcb_woj_eksport_vac.csv",2021-10-11,2021-10-10
"warmińsko-mazurskie",1306644,196,602192,14,"t28","20211011060000_rap_rcb_woj_eksport_vac.csv",2021-10-11,2021-10-10
"wielkopolskie",3631138,272,1695280,53,"t30","20211011060000_rap_rcb_woj_eksport_vac.csv",2021-10-11,2021-10-10
"zachodniopomorskie",1757159,123,804332,25,"t32","20211011060000_rap_rcb_woj_eksport_vac.csv",2021-10-11,2021-10-10
"cały kraj",37978155,3219,17566064,811,"t00","20211011060000_rap_rcb_woj_eksport_vac.csv",2021-10-11,2021-10-10
"inne_puste_woj",4,0,0,0,"t0","20211012060000_rap_rcb_woj_eksport_vac.csv",2021-10-12,2021-10-11
"dolnośląskie",3045017,1045,1402039,208,"t02","20211012060000_rap_rcb_woj_eksport_vac.csv",2021-10-12,2021-10-11
"kujawsko-pomorskie",2049526,657,941391,217,"t04","20211012060000_rap_rcb_woj_eksport_vac.csv",2021-10-12,2021-10-11
"lubelskie",1757623,802,808294,146,"t06","20211012060000_rap_rcb_woj_eksport_vac.csv",2021-10-12,2021-10-11
"lubuskie",1045817,214,478390,41,"t08","20211012060000_rap_rcb_woj_eksport_vac.csv",2021-10-12,2021-10-11
"łódzkie",2494819,617,1160628,71,"t10","20211012060000_rap_rcb_woj_eksport_vac.csv",2021-10-12,2021-10-11
"małopolskie",3223687,1072,1493512,208,"t12","20211012060000_rap_rcb_woj_eksport_vac.csv",2021-10-12,2021-10-11
"mazowieckie",5954191,1847,2757891,387,"t14","20211012060000_rap_rcb_woj_eksport_vac.csv",2021-10-12,2021-10-11
"opolskie",891766,323,415591,73,"t16","20211012060000_rap_rcb_woj_eksport_vac.csv",2021-10-12,2021-10-11
"podkarpackie",1631785,468,752756,94,"t18","20211012060000_rap_rcb_woj_eksport_vac.csv",2021-10-12,2021-10-11
"podlaskie",1084506,333,503352,31,"t20","20211012060000_rap_rcb_woj_eksport_vac.csv",2021-10-12,2021-10-11
"pomorskie",2501890,1064,1157637,211,"t22","20211012060000_rap_rcb_woj_eksport_vac.csv",2021-10-12,2021-10-11
"śląskie",4520401,1370,2090638,201,"t24","20211012060000_rap_rcb_woj_eksport_vac.csv",2021-10-12,2021-10-11
"świętokrzyskie",1093495,279,504521,82,"t26","20211012060000_rap_rcb_woj_eksport_vac.csv",2021-10-12,2021-10-11
"warmińsko-mazurskie",1307205,410,602311,84,"t28","20211012060000_rap_rcb_woj_eksport_vac.csv",2021-10-12,2021-10-11
"wielkopolskie",3632166,771,1695516,159,"t30","20211012060000_rap_rcb_woj_eksport_vac.csv",2021-10-12,2021-10-11
"zachodniopomorskie",1757825,624,804470,119,"t32","20211012060000_rap_rcb_woj_eksport_vac.csv",2021-10-12,2021-10-11
"cały kraj",37991723,11896,17568937,2332,"t00","20211012060000_rap_rcb_woj_eksport_vac.csv",2021-10-12,2021-10-11
"inne_puste_woj",4,0,0,0,"t0","20211013060000_rap_rcb_woj_eksport_vac.csv",2021-10-13,2021-10-12
"dolnośląskie",3049717,2443,1402828,415,"t02","20211013060000_rap_rcb_woj_eksport_vac.csv",2021-10-13,2021-10-12
"kujawsko-pomorskie",2052752,2011,942040,450,"t04","20211013060000_rap_rcb_woj_eksport_vac.csv",2021-10-13,2021-10-12
"lubelskie",1760580,1842,808971,384,"t06","20211013060000_rap_rcb_woj_eksport_vac.csv",2021-10-13,2021-10-12
"lubuskie",1047273,931,478706,224,"t08","20211013060000_rap_rcb_woj_eksport_vac.csv",2021-10-13,2021-10-12
"łódzkie",2498064,2001,1161247,358,"t10","20211013060000_rap_rcb_woj_eksport_vac.csv",2021-10-13,2021-10-12
"małopolskie",3227172,2121,1494263,476,"t12","20211013060000_rap_rcb_woj_eksport_vac.csv",2021-10-13,2021-10-12
"mazowieckie",5963019,5084,2759595,1047,"t14","20211013060000_rap_rcb_woj_eksport_vac.csv",2021-10-13,2021-10-12
"opolskie",892928,783,415817,130,"t16","20211013060000_rap_rcb_woj_eksport_vac.csv",2021-10-13,2021-10-12
"podkarpackie",1633879,1379,753194,269,"t18","20211013060000_rap_rcb_woj_eksport_vac.csv",2021-10-13,2021-10-12
"podlaskie",1086269,1052,503647,184,"t20","20211013060000_rap_rcb_woj_eksport_vac.csv",2021-10-13,2021-10-12
"pomorskie",2505326,2075,1158383,489,"t22","20211013060000_rap_rcb_woj_eksport_vac.csv",2021-10-13,2021-10-12
"śląskie",4525739,3187,2091839,757,"t24","20211013060000_rap_rcb_woj_eksport_vac.csv",2021-10-13,2021-10-12
"świętokrzyskie",1094856,867,504767,171,"t26","20211013060000_rap_rcb_woj_eksport_vac.csv",2021-10-13,2021-10-12
"warmińsko-mazurskie",1309017,1091,602646,243,"t28","20211013060000_rap_rcb_woj_eksport_vac.csv",2021-10-13,2021-10-12
"wielkopolskie",3636491,2563,1696225,452,"t30","20211013060000_rap_rcb_woj_eksport_vac.csv",2021-10-13,2021-10-12
"zachodniopomorskie",1760265,1415,804956,290,"t32","20211013060000_rap_rcb_woj_eksport_vac.csv",2021-10-13,2021-10-12
"cały kraj",38043351,30845,17579124,6339,"t00","20211013060000_rap_rcb_woj_eksport_vac.csv",2021-10-13,2021-10-12
"inne_puste_woj",4,0,0,0,"t0","20211014060000_rap_rcb_woj_eksport_vac.csv",2021-10-14,2021-10-13
"dolnośląskie",3050339,562,1402956,99,"t02","20211014060000_rap_rcb_woj_eksport_vac.csv",2021-10-14,2021-10-13
"kujawsko-pomorskie",2053088,292,942173,104,"t04","20211014060000_rap_rcb_woj_eksport_vac.csv",2021-10-14,2021-10-13
"lubelskie",1761109,377,809121,74,"t06","20211014060000_rap_rcb_woj_eksport_vac.csv",2021-10-14,2021-10-13
"lubuskie",1047511,176,478791,45,"t08","20211014060000_rap_rcb_woj_eksport_vac.csv",2021-10-14,2021-10-13
"łódzkie",2498539,330,1161321,48,"t10","20211014060000_rap_rcb_woj_eksport_vac.csv",2021-10-14,2021-10-13
"małopolskie",3227722,381,1494341,67,"t12","20211014060000_rap_rcb_woj_eksport_vac.csv",2021-10-14,2021-10-13
"mazowieckie",5964160,852,2759829,166,"t14","20211014060000_rap_rcb_woj_eksport_vac.csv",2021-10-14,2021-10-13
"opolskie",893132,108,415846,19,"t16","20211014060000_rap_rcb_woj_eksport_vac.csv",2021-10-14,2021-10-13
"podkarpackie",1634255,248,753298,51,"t18","20211014060000_rap_rcb_woj_eksport_vac.csv",2021-10-14,2021-10-13
"podlaskie",1086572,157,503698,42,"t20","20211014060000_rap_rcb_woj_eksport_vac.csv",2021-10-14,2021-10-13
"pomorskie",2506026,577,1158572,157,"t22","20211014060000_rap_rcb_woj_eksport_vac.csv",2021-10-14,2021-10-13
"śląskie",4526440,608,2091934,77,"t24","20211014060000_rap_rcb_woj_eksport_vac.csv",2021-10-14,2021-10-13
"świętokrzyskie",1095106,191,504843,61,"t26","20211014060000_rap_rcb_woj_eksport_vac.csv",2021-10-14,2021-10-13
"warmińsko-mazurskie",1309509,312,602741,86,"t28","20211014060000_rap_rcb_woj_eksport_vac.csv",2021-10-14,2021-10-13
"wielkopolskie",3637230,512,1696374,113,"t30","20211014060000_rap_rcb_woj_eksport_vac.csv",2021-10-14,2021-10-13
"zachodniopomorskie",1760856,304,805024,40,"t32","20211014060000_rap_rcb_woj_eksport_vac.csv",2021-10-14,2021-10-13
"cały kraj",38051598,5987,17580862,1249,"t00","20211014060000_rap_rcb_woj_eksport_vac.csv",2021-10-14,2021-10-13
"inne_puste_woj",4,0,0,0,"t0","20211015060000_rap_rcb_woj_eksport_vac.csv",2021-10-15,2021-10-14
"dolnośląskie",3050339,562,1402956,99,"t02","20211015060000_rap_rcb_woj_eksport_vac.csv",2021-10-15,2021-10-14
"kujawsko-pomorskie",2053088,292,942173,104,"t04","20211015060000_rap_rcb_woj_eksport_vac.csv",2021-10-15,2021-10-14
"lubelskie",1761109,377,809121,74,"t06","20211015060000_rap_rcb_woj_eksport_vac.csv",2021-10-15,2021-10-14
"lubuskie",1047511,176,478791,45,"t08","20211015060000_rap_rcb_woj_eksport_vac.csv",2021-10-15,2021-10-14
"łódzkie",2498539,330,1161321,48,"t10","20211015060000_rap_rcb_woj_eksport_vac.csv",2021-10-15,2021-10-14
"małopolskie",3227722,381,1494341,67,"t12","20211015060000_rap_rcb_woj_eksport_vac.csv",2021-10-15,2021-10-14
"mazowieckie",5964160,852,2759829,166,"t14","20211015060000_rap_rcb_woj_eksport_vac.csv",2021-10-15,2021-10-14
"opolskie",893132,108,415846,19,"t16","20211015060000_rap_rcb_woj_eksport_vac.csv",2021-10-15,2021-10-14
"podkarpackie",1634255,248,753298,51,"t18","20211015060000_rap_rcb_woj_eksport_vac.csv",2021-10-15,2021-10-14
"podlaskie",1086572,157,503698,42,"t20","20211015060000_rap_rcb_woj_eksport_vac.csv",2021-10-15,2021-10-14
"pomorskie",2506026,577,1158572,157,"t22","20211015060000_rap_rcb_woj_eksport_vac.csv",2021-10-15,2021-10-14
"śląskie",4526440,608,2091934,77,"t24","20211015060000_rap_rcb_woj_eksport_vac.csv",2021-10-15,2021-10-14
"świętokrzyskie",1095106,191,504843,61,"t26","20211015060000_rap_rcb_woj_eksport_vac.csv",2021-10-15,2021-10-14
"warmińsko-mazurskie",1309509,312,602741,86,"t28","20211015060000_rap_rcb_woj_eksport_vac.csv",2021-10-15,2021-10-14
"wielkopolskie",3637230,512,1696374,113,"t30","20211015060000_rap_rcb_woj_eksport_vac.csv",2021-10-15,2021-10-14
"zachodniopomorskie",1760856,304,805024,40,"t32","20211015060000_rap_rcb_woj_eksport_vac.csv",2021-10-15,2021-10-14
"cały kraj",38051598,5987,17580862,1249,"t00","20211015060000_rap_rcb_woj_eksport_vac.csv",2021-10-15,2021-10-14
"inne_puste_woj",4,0,0,0,"t0","20211016060000_rap_rcb_woj_eksport_vac.csv",2021-10-16,2021-10-15
"dolnośląskie",3066656,5667,1406060,1130,"t02","20211016060000_rap_rcb_woj_eksport_vac.csv",2021-10-16,2021-10-15
"kujawsko-pomorskie",2062975,3051,944885,807,"t04","20211016060000_rap_rcb_woj_eksport_vac.csv",2021-10-16,2021-10-15
"lubelskie",1773547,4474,811514,871,"t06","20211016060000_rap_rcb_woj_eksport_vac.csv",2021-10-16,2021-10-15
"lubuskie",1052888,1734,480068,356,"t08","20211016060000_rap_rcb_woj_eksport_vac.csv",2021-10-16,2021-10-15
"łódzkie",2512204,4954,1164327,1104,"t10","20211016060000_rap_rcb_woj_eksport_vac.csv",2021-10-16,2021-10-15
"małopolskie",3242864,6066,1497558,1551,"t12","20211016060000_rap_rcb_woj_eksport_vac.csv",2021-10-16,2021-10-15
"mazowieckie",5996291,10762,2767414,2592,"t14","20211016060000_rap_rcb_woj_eksport_vac.csv",2021-10-16,2021-10-15
"opolskie",897251,1550,416746,373,"t16","20211016060000_rap_rcb_woj_eksport_vac.csv",2021-10-16,2021-10-15
"podkarpackie",1642385,2739,755149,696,"t18","20211016060000_rap_rcb_woj_eksport_vac.csv",2021-10-16,2021-10-15
"podlaskie",1092790,2104,504960,410,"t20","20211016060000_rap_rcb_woj_eksport_vac.csv",2021-10-16,2021-10-15
"pomorskie",2520385,4832,1161558,938,"t22","20211016060000_rap_rcb_woj_eksport_vac.csv",2021-10-16,2021-10-15
"śląskie",4546598,6629,2095974,1496,"t24","20211016060000_rap_rcb_woj_eksport_vac.csv",2021-10-16,2021-10-15
"świętokrzyskie",1101198,2054,506425,569,"t26","20211016060000_rap_rcb_woj_eksport_vac.csv",2021-10-16,2021-10-15
"warmińsko-mazurskie",1318442,2635,604816,727,"t28","20211016060000_rap_rcb_woj_eksport_vac.csv",2021-10-16,2021-10-15
"wielkopolskie",3655418,6588,1700771,1566,"t30","20211016060000_rap_rcb_woj_eksport_vac.csv",2021-10-16,2021-10-15
"zachodniopomorskie",1770229,3716,806921,850,"t32","20211016060000_rap_rcb_woj_eksport_vac.csv",2021-10-16,2021-10-15
"cały kraj",38252125,69555,17625146,16036,"t00","20211016060000_rap_rcb_woj_eksport_vac.csv",2021-10-16,2021-10-15
"inne_puste_woj",4,0,0,0,"t0","20211017060000_rap_rcb_woj_eksport_vac.csv",2021-10-17,2021-10-16
"dolnośląskie",3069469,2608,1406535,393,"t02","20211017060000_rap_rcb_woj_eksport_vac.csv",2021-10-17,2021-10-16
"kujawsko-pomorskie",2064340,1306,945221,326,"t04","20211017060000_rap_rcb_woj_eksport_vac.csv",2021-10-17,2021-10-16
"lubelskie",1774396,774,811705,155,"t06","20211017060000_rap_rcb_woj_eksport_vac.csv",2021-10-17,2021-10-16
"lubuskie",1053894,938,480314,225,"t08","20211017060000_rap_rcb_woj_eksport_vac.csv",2021-10-17,2021-10-16
"łódzkie",2514065,1731,1164740,390,"t10","20211017060000_rap_rcb_woj_eksport_vac.csv",2021-10-17,2021-10-16
"małopolskie",3245604,2760,1498281,726,"t12","20211017060000_rap_rcb_woj_eksport_vac.csv",2021-10-17,2021-10-16
"mazowieckie",6001558,5037,2768612,1082,"t14","20211017060000_rap_rcb_woj_eksport_vac.csv",2021-10-17,2021-10-16
"opolskie",897658,384,416877,123,"t16","20211017060000_rap_rcb_woj_eksport_vac.csv",2021-10-17,2021-10-16
"podkarpackie",1643097,675,755360,192,"t18","20211017060000_rap_rcb_woj_eksport_vac.csv",2021-10-17,2021-10-16
"podlaskie",1093479,578,505052,74,"t20","20211017060000_rap_rcb_woj_eksport_vac.csv",2021-10-17,2021-10-16
"pomorskie",2522672,2246,1162075,508,"t22","20211017060000_rap_rcb_woj_eksport_vac.csv",2021-10-17,2021-10-16
"śląskie",4549380,2713,2096605,571,"t24","20211017060000_rap_rcb_woj_eksport_vac.csv",2021-10-17,2021-10-16
"świętokrzyskie",1101966,742,506591,173,"t26","20211017060000_rap_rcb_woj_eksport_vac.csv",2021-10-17,2021-10-16
"warmińsko-mazurskie",1319463,888,605095,205,"t28","20211017060000_rap_rcb_woj_eksport_vac.csv",2021-10-17,2021-10-16
"wielkopolskie",3658260,2584,1701494,618,"t30","20211017060000_rap_rcb_woj_eksport_vac.csv",2021-10-17,2021-10-16
"zachodniopomorskie",1771628,1363,807201,267,"t32","20211017060000_rap_rcb_woj_eksport_vac.csv",2021-10-17,2021-10-16
"cały kraj",38280933,27327,17631758,6028,"t00","20211017060000_rap_rcb_woj_eksport_vac.csv",2021-10-17,2021-10-16
"inne_puste_woj",4,0,0,0,"t0","20211018060000_rap_rcb_woj_eksport_vac.csv",2021-10-18,2021-10-17
"dolnośląskie",3069641,206,1406569,32,"t02","20211018060000_rap_rcb_woj_eksport_vac.csv",2021-10-18,2021-10-17
"kujawsko-pomorskie",2064501,121,945255,20,"t04","20211018060000_rap_rcb_woj_eksport_vac.csv",2021-10-18,2021-10-17
"lubelskie",1774550,184,811746,34,"t06","20211018060000_rap_rcb_woj_eksport_vac.csv",2021-10-18,2021-10-17
"lubuskie",1054036,76,480325,7,"t08","20211018060000_rap_rcb_woj_eksport_vac.csv",2021-10-18,2021-10-17
"łódzkie",2514528,353,1164850,84,"t10","20211018060000_rap_rcb_woj_eksport_vac.csv",2021-10-18,2021-10-17
"małopolskie",3245876,302,1498375,99,"t12","20211018060000_rap_rcb_woj_eksport_vac.csv",2021-10-18,2021-10-17
"mazowieckie",6002651,744,2768859,170,"t14","20211018060000_rap_rcb_woj_eksport_vac.csv",2021-10-18,2021-10-17
"opolskie",898021,315,416892,15,"t16","20211018060000_rap_rcb_woj_eksport_vac.csv",2021-10-18,2021-10-17
"podkarpackie",1643263,30,755372,7,"t18","20211018060000_rap_rcb_woj_eksport_vac.csv",2021-10-18,2021-10-17
"podlaskie",1093677,60,505095,6,"t20","20211018060000_rap_rcb_woj_eksport_vac.csv",2021-10-18,2021-10-17
"pomorskie",2522953,191,1162128,31,"t22","20211018060000_rap_rcb_woj_eksport_vac.csv",2021-10-18,2021-10-17
"śląskie",4549950,445,2096749,124,"t24","20211018060000_rap_rcb_woj_eksport_vac.csv",2021-10-18,2021-10-17
"świętokrzyskie",1102122,161,506656,64,"t26","20211018060000_rap_rcb_woj_eksport_vac.csv",2021-10-18,2021-10-17
"warmińsko-mazurskie",1319632,142,605152,61,"t28","20211018060000_rap_rcb_woj_eksport_vac.csv",2021-10-18,2021-10-17
"wielkopolskie",3658849,411,1701625,94,"t30","20211018060000_rap_rcb_woj_eksport_vac.csv",2021-10-18,2021-10-17
"zachodniopomorskie",1772236,327,807268,40,"t32","20211018060000_rap_rcb_woj_eksport_vac.csv",2021-10-18,2021-10-17
"cały kraj",38286490,4068,17632916,888,"t00","20211018060000_rap_rcb_woj_eksport_vac.csv",2021-10-18,2021-10-17
"inne_puste_woj",4,0,0,0,"t0","20211019060000_rap_rcb_woj_eksport_vac.csv",2021-10-19,2021-10-18
"dolnośląskie",3072809,2855,1407151,496,"t02","20211019060000_rap_rcb_woj_eksport_vac.csv",2021-10-19,2021-10-18
"kujawsko-pomorskie",2066547,1861,945771,472,"t04","20211019060000_rap_rcb_woj_eksport_vac.csv",2021-10-19,2021-10-18
"lubelskie",1776541,1883,812199,406,"t06","20211019060000_rap_rcb_woj_eksport_vac.csv",2021-10-19,2021-10-18
"lubuskie",1054836,769,480516,167,"t08","20211019060000_rap_rcb_woj_eksport_vac.csv",2021-10-19,2021-10-18
"łódzkie",2516587,1917,1165258,351,"t10","20211019060000_rap_rcb_woj_eksport_vac.csv",2021-10-19,2021-10-18
"małopolskie",3248823,2732,1498964,554,"t12","20211019060000_rap_rcb_woj_eksport_vac.csv",2021-10-19,2021-10-18
"mazowieckie",6008552,4913,2770216,1085,"t14","20211019060000_rap_rcb_woj_eksport_vac.csv",2021-10-19,2021-10-18
"opolskie",898661,537,417035,102,"t16","20211019060000_rap_rcb_woj_eksport_vac.csv",2021-10-19,2021-10-18
"podkarpackie",1644961,1599,755761,366,"t18","20211019060000_rap_rcb_woj_eksport_vac.csv",2021-10-19,2021-10-18
"podlaskie",1094818,1057,505265,157,"t20","20211019060000_rap_rcb_woj_eksport_vac.csv",2021-10-19,2021-10-18
"pomorskie",2526046,2814,1162771,579,"t22","20211019060000_rap_rcb_woj_eksport_vac.csv",2021-10-19,2021-10-18
"śląskie",4553948,3558,2097627,793,"t24","20211019060000_rap_rcb_woj_eksport_vac.csv",2021-10-19,2021-10-18
"świętokrzyskie",1102783,563,506800,129,"t26","20211019060000_rap_rcb_woj_eksport_vac.csv",2021-10-19,2021-10-18
"warmińsko-mazurskie",1320853,1087,605466,289,"t28","20211019060000_rap_rcb_woj_eksport_vac.csv",2021-10-19,2021-10-18
"wielkopolskie",3661621,2524,1702423,710,"t30","20211019060000_rap_rcb_woj_eksport_vac.csv",2021-10-19,2021-10-18
"zachodniopomorskie",1774115,1743,807724,381,"t32","20211019060000_rap_rcb_woj_eksport_vac.csv",2021-10-19,2021-10-18
"cały kraj",38322505,32412,17640947,7037,"t00","20211019060000_rap_rcb_woj_eksport_vac.csv",2021-10-19,2021-10-18
"inne_puste_woj",4,0,0,0,"t0","20211020060000_rap_rcb_woj_eksport_vac.csv",2021-10-20,2021-10-19
"dolnośląskie",3076727,3636,1407808,577,"t02","20211020060000_rap_rcb_woj_eksport_vac.csv",2021-10-20,2021-10-19
"kujawsko-pomorskie",2069104,2339,946268,449,"t04","20211020060000_rap_rcb_woj_eksport_vac.csv",2021-10-20,2021-10-19
"lubelskie",1779631,2973,812771,511,"t06","20211020060000_rap_rcb_woj_eksport_vac.csv",2021-10-20,2021-10-19
"lubuskie",1056522,1559,480915,373,"t08","20211020060000_rap_rcb_woj_eksport_vac.csv",2021-10-20,2021-10-19
"łódzkie",2519632,2753,1165789,441,"t10","20211020060000_rap_rcb_woj_eksport_vac.csv",2021-10-20,2021-10-19
"małopolskie",3252382,3279,1499589,582,"t12","20211020060000_rap_rcb_woj_eksport_vac.csv",2021-10-20,2021-10-19
"mazowieckie",6016978,7893,2771708,1358,"t14","20211020060000_rap_rcb_woj_eksport_vac.csv",2021-10-20,2021-10-19
"opolskie",899906,1190,417217,167,"t16","20211020060000_rap_rcb_woj_eksport_vac.csv",2021-10-20,2021-10-19
"podkarpackie",1647094,2056,756147,384,"t18","20211020060000_rap_rcb_woj_eksport_vac.csv",2021-10-20,2021-10-19
"podlaskie",1096555,1523,505581,273,"t20","20211020060000_rap_rcb_woj_eksport_vac.csv",2021-10-20,2021-10-19
"pomorskie",2529652,3322,1163461,642,"t22","20211020060000_rap_rcb_woj_eksport_vac.csv",2021-10-20,2021-10-19
"śląskie",4559227,4980,2098770,1081,"t24","20211020060000_rap_rcb_woj_eksport_vac.csv",2021-10-20,2021-10-19
"świętokrzyskie",1104015,1095,507041,230,"t26","20211020060000_rap_rcb_woj_eksport_vac.csv",2021-10-20,2021-10-19
"warmińsko-mazurskie",1322867,1847,605893,386,"t28","20211020060000_rap_rcb_woj_eksport_vac.csv",2021-10-20,2021-10-19
"wielkopolskie",3666359,4385,1703323,817,"t30","20211020060000_rap_rcb_woj_eksport_vac.csv",2021-10-20,2021-10-19
"zachodniopomorskie",1776757,2283,808238,473,"t32","20211020060000_rap_rcb_woj_eksport_vac.csv",2021-10-20,2021-10-19
"cały kraj",38373412,47113,17650519,8744,"t00","20211020060000_rap_rcb_woj_eksport_vac.csv",2021-10-20,2021-10-19
"inne_puste_woj",4,0,0,0,"t0","20211021060000_rap_rcb_woj_eksport_vac.csv",2021-10-21,2021-10-20
"dolnośląskie",3082048,4913,1408608,723,"t02","20211021060000_rap_rcb_woj_eksport_vac.csv",2021-10-21,2021-10-20
"kujawsko-pomorskie",2072603,3381,946903,614,"t04","20211021060000_rap_rcb_woj_eksport_vac.csv",2021-10-21,2021-10-20
"lubelskie",1783943,4208,813444,635,"t06","20211021060000_rap_rcb_woj_eksport_vac.csv",2021-10-21,2021-10-20
"lubuskie",1058461,1818,481218,269,"t08","20211021060000_rap_rcb_woj_eksport_vac.csv",2021-10-21,2021-10-20
"łódzkie",2524320,4544,1166672,847,"t10","20211021060000_rap_rcb_woj_eksport_vac.csv",2021-10-21,2021-10-20
"małopolskie",3257356,4740,1500408,787,"t12","20211021060000_rap_rcb_woj_eksport_vac.csv",2021-10-21,2021-10-20
"mazowieckie",6027384,9768,2773478,1640,"t14","20211021060000_rap_rcb_woj_eksport_vac.csv",2021-10-21,2021-10-20
"opolskie",901196,1235,417383,156,"t16","20211021060000_rap_rcb_woj_eksport_vac.csv",2021-10-21,2021-10-20
"podkarpackie",1650240,2974,756791,601,"t18","20211021060000_rap_rcb_woj_eksport_vac.csv",2021-10-21,2021-10-20
"podlaskie",1098673,1944,505937,320,"t20","20211021060000_rap_rcb_woj_eksport_vac.csv",2021-10-21,2021-10-20
"pomorskie",2534851,4810,1164364,846,"t22","20211021060000_rap_rcb_woj_eksport_vac.csv",2021-10-21,2021-10-20
"śląskie",4565466,5953,2100085,1233,"t24","20211021060000_rap_rcb_woj_eksport_vac.csv",2021-10-21,2021-10-20
"świętokrzyskie",1105631,1551,507336,291,"t26","20211021060000_rap_rcb_woj_eksport_vac.csv",2021-10-21,2021-10-20
"warmińsko-mazurskie",1325515,2510,606413,485,"t28","20211021060000_rap_rcb_woj_eksport_vac.csv",2021-10-21,2021-10-20
"wielkopolskie",3672558,5762,1704612,1203,"t30","20211021060000_rap_rcb_woj_eksport_vac.csv",2021-10-21,2021-10-20
"zachodniopomorskie",1779590,2652,808673,395,"t32","20211021060000_rap_rcb_woj_eksport_vac.csv",2021-10-21,2021-10-20
"cały kraj",38439839,62763,17662325,11045,"t00","20211021060000_rap_rcb_woj_eksport_vac.csv",2021-10-21,2021-10-20
